USE car_insert;
# 17시도 테이블
CREATE TABLE region (
    region_id   INT         NOT NULL AUTO_INCREMENT,
    region_name VARCHAR(20) NOT NULL,
    PRIMARY KEY (region_id)
);
# 2010 ~ 2015년까지 나타낸 테이블
CREATE TABLE base_year (
    reg_year INT NOT NULL,
    PRIMARY KEY (reg_year)
);
# 연도별 전국 평균기온
CREATE TABLE temperature_yearly (
    temp_id  INT   NOT NULL AUTO_INCREMENT,
    reg_year INT   NOT NULL,
    avg_temp FLOAT NOT NULL,
    PRIMARY KEY (temp_id),
    CONSTRAINT fk_temp_year FOREIGN KEY (reg_year) REFERENCES base_year (reg_year)
);
show databases;
use car_insert;
# 연도별 전체 자동차 등록 대수
CREATE TABLE total_vehicle_yearly (
    vehicle_id    INT NOT NULL AUTO_INCREMENT,
    reg_year      INT NOT NULL,
    total_vehicle INT NOT NULL,
    PRIMARY KEY (vehicle_id),
    CONSTRAINT fk_vehicle_year FOREIGN KEY (reg_year) REFERENCES base_year (reg_year)
);
# 연도별 전국 수소차 누적 등록 대수
CREATE TABLE hydrogen_yearly (
    h2_yearly_id INT NOT NULL AUTO_INCREMENT,
    reg_year     INT NOT NULL,
    h2_count     INT NOT NULL,
    PRIMARY KEY (h2_yearly_id),
    CONSTRAINT fk_h2_year FOREIGN KEY (reg_year) REFERENCES base_year (reg_year)
);
# 연도별 권역별 전기차 충전소 수
CREATE TABLE charger_yearly (
    charger_id      INT NOT NULL AUTO_INCREMENT,
    reg_year        INT NOT NULL,
    seoul_cnt       INT NOT NULL DEFAULT 0,
    gyeonggi_cnt    INT NOT NULL DEFAULT 0,
    incheon_cnt     INT NOT NULL DEFAULT 0,
    gangwon_cnt     INT NOT NULL DEFAULT 0,
    chungcheong_cnt INT NOT NULL DEFAULT 0,
    jeolla_cnt      INT NOT NULL DEFAULT 0,
    gyeongsang_cnt  INT NOT NULL DEFAULT 0,
    jeju_cnt        INT NOT NULL DEFAULT 0,
    total_cnt       INT NOT NULL DEFAULT 0,
    PRIMARY KEY (charger_id),
    CONSTRAINT fk_charger_year FOREIGN KEY (reg_year) REFERENCES base_year (reg_year)
);
# 시도별 연도별 전기차 등록대수, 핵심 중심 테이블
CREATE TABLE ev_registration (
    ev_reg_id INT NOT NULL AUTO_INCREMENT,
    region_id INT NOT NULL,
    reg_year  INT NOT NULL,
    ev_count  INT NOT NULL,
    PRIMARY KEY (ev_reg_id),
    CONSTRAINT fk_ev_region FOREIGN KEY (region_id) REFERENCES region (region_id),
    CONSTRAINT fk_ev_year   FOREIGN KEY (reg_year)  REFERENCES base_year (reg_year)
);
# 시도별 연도별 수송 CO2 배출량
CREATE TABLE transport_co2 (
    co2_id    INT         NOT NULL AUTO_INCREMENT,
    region_id INT         NOT NULL,
    reg_year  INT         NOT NULL,
    criteria  VARCHAR(10) NOT NULL,
    emission  FLOAT       NOT NULL,
    PRIMARY KEY (co2_id),
    CONSTRAINT fk_co2_region FOREIGN KEY (region_id) REFERENCES region (region_id),
    CONSTRAINT fk_co2_year   FOREIGN KEY (reg_year)  REFERENCES base_year (reg_year)
);
# 2025년 12월 기준 시도별 수소차 등록대수
CREATE TABLE hydrogen_regional (
    h2_reg_id INT         NOT NULL AUTO_INCREMENT,
    region_id INT         NOT NULL,
    h2_count  INT         NOT NULL,
    base_ym   VARCHAR(10) NOT NULL,
    PRIMARY KEY (h2_reg_id),
    CONSTRAINT fk_h2reg_region FOREIGN KEY (region_id) REFERENCES region (region_id)
);
# 2025년 기준 시도별 인구수
CREATE TABLE population (
    pop_id     INT NOT NULL AUTO_INCREMENT,
    region_id  INT NOT NULL,
    population INT NOT NULL,
    PRIMARY KEY (pop_id),
    CONSTRAINT fk_pop_region FOREIGN KEY (region_id) REFERENCES region (region_id)
);
#2026 지자체별 전기차 + 수소차 보조금
CREATE TABLE subsidy (
    subsidy_id     INT         NOT NULL AUTO_INCREMENT,
    region_id      INT         NOT NULL,
    local_gov_name VARCHAR(30) NOT NULL,
    ev_sedan_amt   INT         NOT NULL DEFAULT 0,
    ev_small_amt   INT         NOT NULL DEFAULT 0,
    ev_mid_amt     INT         NOT NULL DEFAULT 0,
    ev_large_amt   INT         NOT NULL DEFAULT 0,
    h2_sedan_amt   INT         NOT NULL DEFAULT 0,
    h2_van_amt     INT         NOT NULL DEFAULT 0,
    PRIMARY KEY (subsidy_id),
    CONSTRAINT fk_subsidy_region FOREIGN KEY (region_id) REFERENCES region (region_id)
);

INSERT INTO region (region_id, region_name) VALUES
  (1, '서울'),
  (2, '부산'),
  (3, '대구'),
  (4, '인천'),
  (5, '광주'),
  (6, '대전'),
  (7, '울산'),
  (8, '세종'),
  (9, '경기'),
  (10, '강원'),
  (11, '충북'),
  (12, '충남'),
  (13, '전북'),
  (14, '전남'),
  (15, '경북'),
  (16, '경남'),
  (17, '제주');

INSERT INTO base_year (reg_year) VALUES
  (2010),
  (2011),
  (2012),
  (2013),
  (2014),
  (2015),
  (2016),
  (2017),
  (2018),
  (2019),
  (2020),
  (2021),
  (2022),
  (2023),
  (2024),
  (2025);

INSERT INTO temperature_yearly (reg_year, avg_temp) VALUES
  (2015, 13.21),
  (2016, 13.39),
  (2017, 12.86),
  (2018, 12.83),
  (2019, 13.33),
  (2020, 13.03),
  (2021, 13.38),
  (2022, 13.01),
  (2023, 13.73),
  (2024, 14.49),
  (2025, 13.78);

INSERT INTO total_vehicle_yearly (reg_year, total_vehicle) VALUES
  (2015, 20989885),
  (2016, 21803351),
  (2017, 22528295),
  (2018, 23202555),
  (2019, 23677366),
  (2020, 24365979),
  (2021, 24911101),
  (2022, 25503078),
  (2023, 25949201),
  (2024, 26297919),
  (2025, 26514873);

INSERT INTO hydrogen_yearly (reg_year, h2_count) VALUES
  (2018, 893),
  (2019, 5083),
  (2020, 10906),
  (2021, 19404),
  (2022, 29623),
  (2023, 34258),
  (2024, 37557),
  (2025, 42674);

INSERT INTO charger_yearly (reg_year, seoul_cnt, gyeonggi_cnt, incheon_cnt, gangwon_cnt, chungcheong_cnt, jeolla_cnt, gyeongsang_cnt, jeju_cnt, total_cnt) VALUES
  (2020, 4031, 7597, 1147, 1634, 4478, 4836, 7684, 3307, 34714),
  (2021, 14857, 22892, 3849, 3164, 10650, 9880, 23806, 4943, 94041),
  (2022, 34091, 50587, 9378, 6424, 22607, 17870, 46082, 5909, 192948),
  (2023, 48559, 77364, 15489, 10515, 34200, 27044, 67446, 7531, 288148),
  (2024, 60615, 112384, 22349, 13818, 47247, 38585, 90573, 8561, 394132),
  (2025, 68654, 138478, 28519, 15889, 55734, 44686, 108735, 8350, 469045);

INSERT INTO ev_registration (region_id, reg_year, ev_count) VALUES
  (1, 2024, 74116),
  (2, 2024, 38277),
  (3, 2024, 28868),
  (4, 2024, 48498),
  (5, 2024, 13051),
  (6, 2024, 18961),
  (7, 2024, 9951),
  (8, 2024, 5234),
  (9, 2024, 124529),
  (10, 2024, 16955),
  (11, 2024, 20054),
  (12, 2024, 22609),
  (13, 2024, 18717),
  (14, 2024, 25329),
  (15, 2024, 22134),
  (16, 2024, 37441),
  (17, 2024, 39059),
  (1, 2023, 64369),
  (2, 2023, 29569),
  (3, 2023, 24479),
  (4, 2023, 35275),
  (5, 2023, 10682),
  (6, 2023, 15735),
  (7, 2023, 8196),
  (8, 2023, 4379),
  (9, 2023, 92771),
  (10, 2023, 14560),
  (11, 2023, 15393),
  (12, 2023, 17954),
  (13, 2023, 14581),
  (14, 2023, 19450),
  (15, 2023, 16805),
  (16, 2023, 29267),
  (17, 2023, 30568),
  (1, 2022, 53612),
  (2, 2022, 19593),
  (3, 2022, 20210),
  (4, 2022, 23974),
  (5, 2022, 8025),
  (6, 2022, 13044),
  (7, 2022, 6301),
  (8, 2022, 3044),
  (9, 2022, 66606),
  (10, 2022, 11842),
  (11, 2022, 12316),
  (12, 2022, 13234),
  (13, 2022, 9901),
  (14, 2022, 12770),
  (15, 2022, 12555),
  (16, 2022, 19278),
  (17, 2022, 25736),
  (1, 2021, 37617),
  (2, 2021, 11163),
  (3, 2021, 13942),
  (4, 2021, 11829),
  (5, 2021, 4961),
  (6, 2021, 7204),
  (7, 2021, 4727),
  (8, 2021, 1874),
  (9, 2021, 34642),
  (10, 2021, 7550),
  (11, 2021, 6778),
  (12, 2021, 8194),
  (13, 2021, 5888),
  (14, 2021, 7565),
  (15, 2021, 7779),
  (16, 2021, 11146),
  (17, 2021, 21325),
  (1, 2020, 17463),
  (2, 2020, 4628),
  (3, 2020, 9014),
  (4, 2020, 4581),
  (5, 2020, 3041),
  (6, 2020, 3591),
  (7, 2020, 3552),
  (8, 2020, 897),
  (9, 2020, 16116),
  (10, 2020, 3540),
  (11, 2020, 3160),
  (12, 2020, 4513),
  (13, 2020, 2586),
  (14, 2020, 3756),
  (15, 2020, 4246),
  (16, 2020, 5023),
  (17, 2020, 12338),
  (1, 2019, 9796),
  (2, 2019, 3076),
  (3, 2019, 8467),
  (4, 2019, 2169),
  (5, 2019, 2329),
  (6, 2019, 2349),
  (7, 2019, 2421),
  (8, 2019, 665),
  (9, 2019, 9131),
  (10, 2019, 2031),
  (11, 2019, 2052),
  (12, 2019, 2558),
  (13, 2019, 1401),
  (14, 2019, 2234),
  (15, 2019, 2930),
  (16, 2019, 3107),
  (17, 2019, 11064),
  (1, 2018, 4745),
  (2, 2018, 1010),
  (3, 2018, 4393),
  (4, 2018, 790),
  (5, 2018, 1084),
  (6, 2018, 1019),
  (7, 2018, 909),
  (8, 2018, 218),
  (9, 2018, 3876),
  (10, 2018, 892),
  (11, 2018, 812),
  (12, 2018, 721),
  (13, 2018, 616),
  (14, 2018, 981),
  (15, 2018, 1018),
  (16, 2018, 1387),
  (17, 2018, 8088),
  (1, 2017, 1191),
  (2, 2017, 401),
  (3, 2017, 568),
  (4, 2017, 233),
  (5, 2017, 197),
  (6, 2017, 104),
  (7, 2017, 184),
  (8, 2017, 24),
  (9, 2017, 729),
  (10, 2017, 170),
  (11, 2017, 100),
  (12, 2017, 167),
  (13, 2017, 139),
  (14, 2017, 384),
  (15, 2017, 258),
  (16, 2017, 446),
  (17, 2017, 3255),
  (1, 2016, 785),
  (2, 2016, 172),
  (3, 2016, 119),
  (4, 2016, 94),
  (5, 2016, 105),
  (6, 2016, 19),
  (7, 2016, 30),
  (8, 2016, 8),
  (9, 2016, 236),
  (10, 2016, 76),
  (11, 2016, 21),
  (12, 2016, 68),
  (13, 2016, 18),
  (14, 2016, 221),
  (15, 2016, 102),
  (16, 2016, 303),
  (17, 2016, 2567),
  (1, 2015, 694),
  (2, 2015, 142),
  (3, 2015, 36),
  (4, 2015, 77),
  (5, 2015, 97),
  (6, 2015, 13),
  (7, 2015, 26),
  (8, 2015, 7),
  (9, 2015, 171),
  (10, 2015, 61),
  (11, 2015, 16),
  (12, 2015, 62),
  (13, 2015, 16),
  (14, 2015, 188),
  (15, 2015, 85),
  (16, 2015, 299),
  (17, 2015, 1605);

INSERT INTO transport_co2 (region_id, reg_year, criteria, emission) VALUES
  (1, 2010, 'VKT', 13037.99),
  (1, 2011, 'VKT', 13042.07),
  (1, 2012, 'VKT', 13204.81),
  (1, 2013, 'VKT', 13365.18),
  (1, 2014, 'VKT', 13286.87),
  (1, 2015, 'VKT', 13726.24),
  (1, 2016, 'VKT', 14048.96),
  (1, 2017, 'VKT', 13140.16),
  (1, 2018, 'VKT', 12727.11),
  (1, 2019, 'VKT', 12614.64),
  (1, 2020, 'VKT', 11593.11),
  (1, 2021, 'VKT', 11952.68),
  (1, 2022, 'VKT', 11498.01),
  (1, 2023, 'VKT', 11033.81),
  (2, 2010, 'VKT', 6113.29),
  (2, 2011, 'VKT', 6096.86),
  (2, 2012, 'VKT', 6197.38),
  (2, 2013, 'VKT', 5875.79),
  (2, 2014, 'VKT', 5769.26),
  (2, 2015, 'VKT', 6009.09),
  (2, 2016, 'VKT', 6195.43),
  (2, 2017, 'VKT', 6139.68),
  (2, 2018, 'VKT', 6164.38),
  (2, 2019, 'VKT', 6514.25),
  (2, 2020, 'VKT', 6031.14),
  (2, 2021, 'VKT', 6171.12),
  (2, 2022, 'VKT', 6310.48),
  (2, 2023, 'VKT', 6212.32),
  (3, 2010, 'VKT', 4264.13),
  (3, 2011, 'VKT', 4232.38),
  (3, 2012, 'VKT', 4302.97),
  (3, 2013, 'VKT', 4494.81),
  (3, 2014, 'VKT', 4513.18),
  (3, 2015, 'VKT', 4711.8),
  (3, 2016, 'VKT', 4905.65),
  (3, 2017, 'VKT', 4850.13),
  (3, 2018, 'VKT', 4786.01),
  (3, 2019, 'VKT', 4882.66),
  (3, 2020, 'VKT', 4536.93),
  (3, 2021, 'VKT', 4737.87),
  (3, 2022, 'VKT', 4532.67),
  (3, 2023, 'VKT', 4515.48),
  (4, 2010, 'VKT', 5185.97),
  (4, 2011, 'VKT', 5114.69),
  (4, 2012, 'VKT', 5176.29),
  (4, 2013, 'VKT', 5593.61),
  (4, 2014, 'VKT', 5924.39),
  (4, 2015, 'VKT', 6519.2),
  (4, 2016, 'VKT', 6920.33),
  (4, 2017, 'VKT', 7065.95),
  (4, 2018, 'VKT', 7223.22),
  (4, 2019, 'VKT', 7619.54),
  (4, 2020, 'VKT', 7315.63),
  (4, 2021, 'VKT', 7156.8),
  (4, 2022, 'VKT', 6972.23),
  (4, 2023, 'VKT', 6666.61),
  (5, 2010, 'VKT', 2465.33),
  (5, 2011, 'VKT', 2442.2),
  (5, 2012, 'VKT', 2478.62),
  (5, 2013, 'VKT', 2619.56),
  (5, 2014, 'VKT', 2584.5),
  (5, 2015, 'VKT', 2760.05),
  (5, 2016, 'VKT', 2845.68),
  (5, 2017, 'VKT', 2814.36),
  (5, 2018, 'VKT', 2766.96),
  (5, 2019, 'VKT', 2877.47),
  (5, 2020, 'VKT', 2763.79),
  (5, 2021, 'VKT', 2823.77),
  (5, 2022, 'VKT', 2761.58),
  (5, 2023, 'VKT', 2721.98),
  (6, 2010, 'VKT', 2445.21),
  (6, 2011, 'VKT', 2437.46),
  (6, 2012, 'VKT', 2485.03),
  (6, 2013, 'VKT', 2562.12),
  (6, 2014, 'VKT', 2563.7),
  (6, 2015, 'VKT', 2662.9),
  (6, 2016, 'VKT', 2759.81),
  (6, 2017, 'VKT', 2721.81),
  (6, 2018, 'VKT', 2695.18),
  (6, 2019, 'VKT', 2760.73),
  (6, 2020, 'VKT', 2602.8),
  (6, 2021, 'VKT', 2657.3),
  (6, 2022, 'VKT', 2590.63),
  (6, 2023, 'VKT', 2577.4),
  (7, 2010, 'VKT', 2051.96),
  (7, 2011, 'VKT', 2037.47),
  (7, 2012, 'VKT', 2064.54),
  (7, 2013, 'VKT', 2136.06),
  (7, 2014, 'VKT', 2150.37),
  (7, 2015, 'VKT', 2226.36),
  (7, 2016, 'VKT', 2312.4),
  (7, 2017, 'VKT', 2234.19),
  (7, 2018, 'VKT', 2234.58),
  (7, 2019, 'VKT', 2332.33),
  (7, 2020, 'VKT', 2184.47),
  (7, 2021, 'VKT', 2227.21),
  (7, 2022, 'VKT', 2193.98),
  (7, 2023, 'VKT', 2229.92),
  (8, 2010, 'VKT', 252.87),
  (8, 2011, 'VKT', 248.62),
  (8, 2012, 'VKT', 254.76),
  (8, 2013, 'VKT', 261.86),
  (8, 2014, 'VKT', 278.49),
  (8, 2015, 'VKT', 377.68),
  (8, 2016, 'VKT', 478.45),
  (8, 2017, 'VKT', 529.98),
  (8, 2018, 'VKT', 597.81),
  (8, 2019, 'VKT', 671.44),
  (8, 2020, 'VKT', 676.5),
  (8, 2021, 'VKT', 702.92),
  (8, 2022, 'VKT', 719.99),
  (8, 2023, 'VKT', 712.44),
  (9, 2010, 'VKT', 19813.72),
  (9, 2011, 'VKT', 19713.13),
  (9, 2012, 'VKT', 20099.11),
  (9, 2013, 'VKT', 20890.78),
  (9, 2014, 'VKT', 21068.31),
  (9, 2015, 'VKT', 22197.05),
  (9, 2016, 'VKT', 23719.66),
  (9, 2017, 'VKT', 23784.78),
  (9, 2018, 'VKT', 23915.51),
  (9, 2019, 'VKT', 24862.8),
  (9, 2020, 'VKT', 23847.95),
  (9, 2021, 'VKT', 24529.42),
  (9, 2022, 'VKT', 24322.46),
  (9, 2023, 'VKT', 24196.68),
  (10, 2010, 'VKT', 2751.94),
  (10, 2011, 'VKT', 2748.79),
  (10, 2012, 'VKT', 2819.02),
  (10, 2013, 'VKT', 2877.59),
  (10, 2014, 'VKT', 2871.2),
  (10, 2015, 'VKT', 2990.29),
  (10, 2016, 'VKT', 3142.42),
  (10, 2017, 'VKT', 3137.1),
  (10, 2018, 'VKT', 3145.03),
  (10, 2019, 'VKT', 3253.81),
  (10, 2020, 'VKT', 3121.83),
  (10, 2021, 'VKT', 3186.13),
  (10, 2022, 'VKT', 3135.4),
  (10, 2023, 'VKT', 3130.22),
  (11, 2010, 'VKT', 2999.19),
  (11, 2011, 'VKT', 2970.59),
  (11, 2012, 'VKT', 3024.15),
  (11, 2013, 'VKT', 3120.63),
  (11, 2014, 'VKT', 3127.22),
  (11, 2015, 'VKT', 3312.54),
  (11, 2016, 'VKT', 3488.39),
  (11, 2017, 'VKT', 3506.2),
  (11, 2018, 'VKT', 3500.52),
  (11, 2019, 'VKT', 3696.21),
  (11, 2020, 'VKT', 3511.48),
  (11, 2021, 'VKT', 3650.81),
  (11, 2022, 'VKT', 3637.38),
  (11, 2023, 'VKT', 3654.77),
  (12, 2010, 'VKT', 4122.31),
  (12, 2011, 'VKT', 4172.49),
  (12, 2012, 'VKT', 4258.45),
  (12, 2013, 'VKT', 4086.69),
  (12, 2014, 'VKT', 4171.33),
  (12, 2015, 'VKT', 4521.77),
  (12, 2016, 'VKT', 4608.66),
  (12, 2017, 'VKT', 4637.99),
  (12, 2018, 'VKT', 4649.37),
  (12, 2019, 'VKT', 4857.77),
  (12, 2020, 'VKT', 4655.94),
  (12, 2021, 'VKT', 4759.88),
  (12, 2022, 'VKT', 4757.15),
  (12, 2023, 'VKT', 4812.08),
  (13, 2010, 'VKT', 3595.61),
  (13, 2011, 'VKT', 3564.19),
  (13, 2012, 'VKT', 3626.95),
  (13, 2013, 'VKT', 3669.89),
  (13, 2014, 'VKT', 3645.31),
  (13, 2015, 'VKT', 3904.74),
  (13, 2016, 'VKT', 4059.02),
  (13, 2017, 'VKT', 4085.33),
  (13, 2018, 'VKT', 4036.14),
  (13, 2019, 'VKT', 4027.91),
  (13, 2020, 'VKT', 3828.39),
  (13, 2021, 'VKT', 3970.75),
  (13, 2022, 'VKT', 3917.61),
  (13, 2023, 'VKT', 3909.75),
  (14, 2010, 'VKT', 3967.15),
  (14, 2011, 'VKT', 3907.23),
  (14, 2012, 'VKT', 3964.9),
  (14, 2013, 'VKT', 4080.8),
  (14, 2014, 'VKT', 4136.26),
  (14, 2015, 'VKT', 4580.66),
  (14, 2016, 'VKT', 4773.3),
  (14, 2017, 'VKT', 5158.64),
  (14, 2018, 'VKT', 5166.86),
  (14, 2019, 'VKT', 5332.87),
  (14, 2020, 'VKT', 5112.25),
  (14, 2021, 'VKT', 5475.33),
  (14, 2022, 'VKT', 5844.35),
  (14, 2023, 'VKT', 5876.63),
  (15, 2010, 'VKT', 5162.0),
  (15, 2011, 'VKT', 5101.1),
  (15, 2012, 'VKT', 5208.22),
  (15, 2013, 'VKT', 5381.43),
  (15, 2014, 'VKT', 5399.44),
  (15, 2015, 'VKT', 5681.88),
  (15, 2016, 'VKT', 6015.58),
  (15, 2017, 'VKT', 5946.51),
  (15, 2018, 'VKT', 5961.17),
  (15, 2019, 'VKT', 6018.31),
  (15, 2020, 'VKT', 5807.47),
  (15, 2021, 'VKT', 5981.97),
  (15, 2022, 'VKT', 5936.49),
  (15, 2023, 'VKT', 5986.68),
  (16, 2010, 'VKT', 6979.38),
  (16, 2011, 'VKT', 7004.08),
  (16, 2012, 'VKT', 7052.38),
  (16, 2013, 'VKT', 7032.6),
  (16, 2014, 'VKT', 6773.5),
  (16, 2015, 'VKT', 7368.22),
  (16, 2016, 'VKT', 7582.42),
  (16, 2017, 'VKT', 7508.06),
  (16, 2018, 'VKT', 7183.34),
  (16, 2019, 'VKT', 7365.04),
  (16, 2020, 'VKT', 7316.71),
  (16, 2021, 'VKT', 7465.09),
  (16, 2022, 'VKT', 7323.52),
  (16, 2023, 'VKT', 7446.98),
  (17, 2010, 'VKT', 1527.38),
  (17, 2011, 'VKT', 1609.99),
  (17, 2012, 'VKT', 1579.51),
  (17, 2013, 'VKT', 1708.01),
  (17, 2014, 'VKT', 1774.62),
  (17, 2015, 'VKT', 1966.37),
  (17, 2016, 'VKT', 2161.12),
  (17, 2017, 'VKT', 2218.68),
  (17, 2018, 'VKT', 2160.08),
  (17, 2019, 'VKT', 2189.69),
  (17, 2020, 'VKT', 2029.73),
  (17, 2021, 'VKT', 2180.78),
  (17, 2022, 'VKT', 2159.44),
  (17, 2023, 'VKT', 2109.97),
  (1, 2010, '연료', 10528.91),
  (1, 2011, '연료', 10263.8),
  (1, 2012, '연료', 10038.31),
  (1, 2013, '연료', 10060.26),
  (1, 2014, '연료', 9839.73),
  (1, 2015, '연료', 9958.74),
  (1, 2016, '연료', 10132.89),
  (1, 2017, '연료', 9255.92),
  (1, 2018, '연료', 9101.66),
  (1, 2019, '연료', 8897.04),
  (1, 2020, '연료', 7796.71),
  (1, 2021, '연료', 7744.02),
  (1, 2022, '연료', 7526.02),
  (1, 2023, '연료', 7195.19),
  (2, 2010, '연료', 5701.21),
  (2, 2011, '연료', 5572.15),
  (2, 2012, '연료', 5614.92),
  (2, 2013, '연료', 5242.25),
  (2, 2014, '연료', 5164.53),
  (2, 2015, '연료', 5400.03),
  (2, 2016, '연료', 5450.26),
  (2, 2017, '연료', 5235.11),
  (2, 2018, '연료', 5104.24),
  (2, 2019, '연료', 5225.69),
  (2, 2020, '연료', 4968.77),
  (2, 2021, '연료', 5113.51),
  (2, 2022, '연료', 5107.5),
  (2, 2023, '연료', 4943.21),
  (3, 2010, '연료', 3473.07),
  (3, 2011, '연료', 3564.5),
  (3, 2012, '연료', 3613.86),
  (3, 2013, '연료', 3785.98),
  (3, 2014, '연료', 3835.3),
  (3, 2015, '연료', 3909.86),
  (3, 2016, '연료', 3951.24),
  (3, 2017, '연료', 3857.87),
  (3, 2018, '연료', 3850.34),
  (3, 2019, '연료', 3973.23),
  (3, 2020, '연료', 3748.81),
  (3, 2021, '연료', 3879.06),
  (3, 2022, '연료', 3880.12),
  (3, 2023, '연료', 3689.65),
  (4, 2010, '연료', 4820.36),
  (4, 2011, '연료', 4763.22),
  (4, 2012, '연료', 4935.84),
  (4, 2013, '연료', 5115.06),
  (4, 2014, '연료', 4758.83),
  (4, 2015, '연료', 4956.39),
  (4, 2016, '연료', 5118.13),
  (4, 2017, '연료', 5051.07),
  (4, 2018, '연료', 5087.09),
  (4, 2019, '연료', 5358.99),
  (4, 2020, '연료', 4997.83),
  (4, 2021, '연료', 5140.84),
  (4, 2022, '연료', 5168.16),
  (4, 2023, '연료', 5196.53),
  (5, 2010, '연료', 2323.24),
  (5, 2011, '연료', 2362.94),
  (5, 2012, '연료', 2556.25),
  (5, 2013, '연료', 2718.48),
  (5, 2014, '연료', 2701.89),
  (5, 2015, '연료', 2825.04),
  (5, 2016, '연료', 2857.65),
  (5, 2017, '연료', 2790.17),
  (5, 2018, '연료', 2768.42),
  (5, 2019, '연료', 2829.34),
  (5, 2020, '연료', 2596.17),
  (5, 2021, '연료', 2596.77),
  (5, 2022, '연료', 2547.57),
  (5, 2023, '연료', 2457.1),
  (6, 2010, '연료', 2181.56),
  (6, 2011, '연료', 2197.45),
  (6, 2012, '연료', 2248.46),
  (6, 2013, '연료', 2364.94),
  (6, 2014, '연료', 2345.91),
  (6, 2015, '연료', 2386.91),
  (6, 2016, '연료', 2429.66),
  (6, 2017, '연료', 2418.31),
  (6, 2018, '연료', 2446.46),
  (6, 2019, '연료', 2406.33),
  (6, 2020, '연료', 2225.96),
  (6, 2021, '연료', 2193.1),
  (6, 2022, '연료', 2157.07),
  (6, 2023, '연료', 2067.41),
  (7, 2010, '연료', 1702.03),
  (7, 2011, '연료', 1696.55),
  (7, 2012, '연료', 1758.73),
  (7, 2013, '연료', 1722.02),
  (7, 2014, '연료', 2394.39),
  (7, 2015, '연료', 2417.42),
  (7, 2016, '연료', 2475.53),
  (7, 2017, '연료', 2434.66),
  (7, 2018, '연료', 2421.12),
  (7, 2019, '연료', 2506.97),
  (7, 2020, '연료', 2361.98),
  (7, 2021, '연료', 2404.71),
  (7, 2022, '연료', 2380.68),
  (7, 2023, '연료', 2444.19),
  (8, 2010, '연료', 258.81),
  (8, 2011, '연료', 261.7),
  (8, 2012, '연료', 270.5),
  (8, 2013, '연료', 276.29),
  (8, 2014, '연료', 315.85),
  (8, 2015, '연료', 360.03),
  (8, 2016, '연료', 369.96),
  (8, 2017, '연료', 375.68),
  (8, 2018, '연료', 363.79),
  (8, 2019, '연료', 429.79),
  (8, 2020, '연료', 547.86),
  (8, 2021, '연료', 593.29),
  (8, 2022, '연료', 578.41),
  (8, 2023, '연료', 556.21),
  (9, 2010, '연료', 21309.9),
  (9, 2011, '연료', 21325.18),
  (9, 2012, '연료', 21915.07),
  (9, 2013, '연료', 22598.07),
  (9, 2014, '연료', 22887.71),
  (9, 2015, '연료', 24126.86),
  (9, 2016, '연료', 25696.8),
  (9, 2017, '연료', 25733.54),
  (9, 2018, '연료', 25765.51),
  (9, 2019, '연료', 26888.19),
  (9, 2020, '연료', 26063.18),
  (9, 2021, '연료', 26887.56),
  (9, 2022, '연료', 26738.29),
  (9, 2023, '연료', 26464.29),
  (10, 2010, '연료', 3346.04),
  (10, 2011, '연료', 3250.06),
  (10, 2012, '연료', 3369.81),
  (10, 2013, '연료', 3477.41),
  (10, 2014, '연료', 3481.93),
  (10, 2015, '연료', 3651.48),
  (10, 2016, '연료', 3886.62),
  (10, 2017, '연료', 3890.14),
  (10, 2018, '연료', 3889.69),
  (10, 2019, '연료', 4052.53),
  (10, 2020, '연료', 3943.05),
  (10, 2021, '연료', 4101.25),
  (10, 2022, '연료', 4082.83),
  (10, 2023, '연료', 4048.3),
  (11, 2010, '연료', 3783.29),
  (11, 2011, '연료', 3780.71),
  (11, 2012, '연료', 3865.37),
  (11, 2013, '연료', 4040.2),
  (11, 2014, '연료', 3948.64),
  (11, 2015, '연료', 4260.39),
  (11, 2016, '연료', 4703.25),
  (11, 2017, '연료', 4686.36),
  (11, 2018, '연료', 4769.38),
  (11, 2019, '연료', 4912.16),
  (11, 2020, '연료', 4707.49),
  (11, 2021, '연료', 4892.79),
  (11, 2022, '연료', 4876.57),
  (11, 2023, '연료', 4965.69),
  (12, 2010, '연료', 5060.65),
  (12, 2011, '연료', 5110.88),
  (12, 2012, '연료', 5154.89),
  (12, 2013, '연료', 5201.46),
  (12, 2014, '연료', 5150.57),
  (12, 2015, '연료', 5714.77),
  (12, 2016, '연료', 6024.03),
  (12, 2017, '연료', 6131.34),
  (12, 2018, '연료', 6197.29),
  (12, 2019, '연료', 6325.11),
  (12, 2020, '연료', 6084.15),
  (12, 2021, '연료', 6390.7),
  (12, 2022, '연료', 6397.5),
  (12, 2023, '연료', 6384.02),
  (13, 2010, '연료', 3659.06),
  (13, 2011, '연료', 3758.63),
  (13, 2012, '연료', 3803.1),
  (13, 2013, '연료', 3929.37),
  (13, 2014, '연료', 4006.65),
  (13, 2015, '연료', 4398.88),
  (13, 2016, '연료', 4666.22),
  (13, 2017, '연료', 4752.71),
  (13, 2018, '연료', 4713.15),
  (13, 2019, '연료', 4758.06),
  (13, 2020, '연료', 4580.91),
  (13, 2021, '연료', 4623.99),
  (13, 2022, '연료', 4617.94),
  (13, 2023, '연료', 4665.98),
  (14, 2010, '연료', 3937.45),
  (14, 2011, '연료', 3899.1),
  (14, 2012, '연료', 3796.01),
  (14, 2013, '연료', 3721.83),
  (14, 2014, '연료', 3881.2),
  (14, 2015, '연료', 4322.77),
  (14, 2016, '연료', 4476.43),
  (14, 2017, '연료', 4894.48),
  (14, 2018, '연료', 4924.83),
  (14, 2019, '연료', 5264.84),
  (14, 2020, '연료', 5110.95),
  (14, 2021, '연료', 5285.78),
  (14, 2022, '연료', 5289.61),
  (14, 2023, '연료', 5254.51),
  (15, 2010, '연료', 6310.77),
  (15, 2011, '연료', 6236.43),
  (15, 2012, '연료', 6373.86),
  (15, 2013, '연료', 6663.83),
  (15, 2014, '연료', 6660.0),
  (15, 2015, '연료', 7141.52),
  (15, 2016, '연료', 7655.85),
  (15, 2017, '연료', 7654.75),
  (15, 2018, '연료', 7515.2),
  (15, 2019, '연료', 7819.07),
  (15, 2020, '연료', 7554.39),
  (15, 2021, '연료', 7859.11),
  (15, 2022, '연료', 7586.07),
  (15, 2023, '연료', 7751.41),
  (16, 2010, '연료', 6811.72),
  (16, 2011, '연료', 6800.71),
  (16, 2012, '연료', 6907.35),
  (16, 2013, '연료', 7147.44),
  (16, 2014, '연료', 6910.69),
  (16, 2015, '연료', 7719.37),
  (16, 2016, '연료', 7961.65),
  (16, 2017, '연료', 8098.77),
  (16, 2018, '연료', 7834.99),
  (16, 2019, '연료', 8040.46),
  (16, 2020, '연료', 7618.17),
  (16, 2021, '연료', 7742.53),
  (16, 2022, '연료', 7519.58),
  (16, 2023, '연료', 7482.54),
  (17, 2010, '연료', 1527.38),
  (17, 2011, '연료', 1609.99),
  (17, 2012, '연료', 1579.51),
  (17, 2013, '연료', 1708.01),
  (17, 2014, '연료', 1774.62),
  (17, 2015, '연료', 1966.37),
  (17, 2016, '연료', 2161.12),
  (17, 2017, '연료', 2218.68),
  (17, 2018, '연료', 2160.08),
  (17, 2019, '연료', 2189.69),
  (17, 2020, '연료', 2029.73),
  (17, 2021, '연료', 2180.78),
  (17, 2022, '연료', 2159.44),
  (17, 2023, '연료', 2109.97);

INSERT INTO hydrogen_regional (region_id, h2_count, base_ym) VALUES
  (1, 3443, '2025-12'),
  (2, 2538, '2025-12'),
  (3, 854, '2025-12'),
  (4, 3532, '2025-12'),
  (5, 1446, '2025-12'),
  (6, 2078, '2025-12'),
  (7, 3281, '2025-12'),
  (8, 595, '2025-12'),
  (9, 10064, '2025-12'),
  (10, 2997, '2025-12'),
  (11, 2744, '2025-12'),
  (12, 2134, '2025-12'),
  (13, 2893, '2025-12'),
  (14, 1517, '2025-12'),
  (15, 874, '2025-12'),
  (16, 3571, '2025-12'),
  (17, 94, '2025-12');

INSERT INTO population (region_id, population) VALUES
  (1, 9299548),
  (2, 3241600),
  (3, 2353032),
  (4, 3051961),
  (5, 1392013),
  (6, 1440729),
  (7, 1091948),
  (8, 391965),
  (9, 13730135),
  (10, 1508500),
  (11, 1596502),
  (12, 2136753),
  (13, 1724856),
  (14, 1779135),
  (15, 2506526),
  (16, 3207383),
  (17, 664792);

INSERT INTO subsidy (region_id, local_gov_name, ev_sedan_amt, ev_small_amt, ev_mid_amt, ev_large_amt, h2_sedan_amt, h2_van_amt) VALUES
  (1, '서울특별시', 842, 637, 10806, 14069, 2950, 35000),
  (2, '부산광역시', 872, 637, 0, 14389, 3350, 35000),
  (3, '대구광역시', 842, 637, 10806, 0, 3250, 35000),
  (4, '인천광역시', 842, 637, 10806, 14389, 3250, 35000),
  (5, '광주광역시', 842, 637, 10806, 11069, 3100, 35000),
  (6, '대전광역시', 842, 637, 10806, 14389, 3250, 26000),
  (7, '울산광역시', 842, 637, 10806, 0, 3400, 35000),
  (8, '세종특별자치시', 842, 637, 10156, 14389, 3250, 27000),
  (9, '수원시', 918, 694, 8313, 14389, 3250, 34640),
  (9, '성남시', 939, 710, 8313, 14389, 3500, 34640),
  (9, '의정부시', 885, 669, 0, 0, 3250, 26000),
  (9, '안양시', 923, 698, 11554, 14389, 3250, 26000),
  (9, '부천시', 842, 637, 0, 0, 3250, 26000),
  (9, '광명시', 1101, 833, 0, 0, 3250, 26000),
  (9, '평택시', 972, 735, 11045, 0, 3500, 34640),
  (9, '동두천시', 1010, 764, 10806, 14389, 3250, 29190),
  (9, '안산시', 907, 686, 0, 0, 3500, 29190),
  (9, '고양시', 907, 686, 11553, 14390, 3250, 26000),
  (9, '과천시', 972, 735, 8313, 11069, 3250, 26000),
  (9, '구리시', 972, 735, 10806, 0, 3250, 34640),
  (9, '남양주시', 842, 637, 11555, 14389, 3250, 26000),
  (9, '오산시', 950, 718, 0, 0, 3250, 26000),
  (9, '시흥시', 907, 686, 0, 0, 3250, 26000),
  (9, '군포시', 961, 726, 0, 14389, 3250, 26000),
  (9, '의왕시', 972, 735, 0, 0, 3250, 26000),
  (9, '하남시', 842, 637, 10806, 14389, 3250, 26000),
  (9, '용인시', 928, 702, 11555, 14390, 3250, 34640),
  (9, '파주시', 972, 735, 11555, 14389, 0, 0),
  (9, '이천시', 972, 735, 11555, 14389, 3250, 34640),
  (9, '안성시', 1036, 784, 10806, 0, 3350, 26000),
  (9, '김포시', 907, 686, 0, 0, 3250, 34640),
  (9, '화성시', 864, 653, 10806, 14389, 3500, 26000),
  (9, '광주시', 842, 637, 10806, 14390, 3250, 26000),
  (9, '양주시', 918, 694, 10579, 17710, 3250, 34640),
  (9, '포천시', 907, 686, 8313, 14389, 3250, 26000),
  (9, '여주시', 1094, 859, 10871, 0, 3250, 34640),
  (9, '연천군', 1263, 955, 0, 0, 3250, 29190),
  (9, '가평군', 1080, 816, 10806, 14389, 0, 0),
  (9, '양평군', 1080, 816, 11555, 14389, 3250, 26000),
  (10, '춘천시', 972, 735, 13633, 19924, 3450, 41000),
  (10, '원주시', 972, 735, 13633, 0, 3450, 41000),
  (10, '강릉시', 972, 735, 13633, 0, 3450, 26000),
  (10, '동해시', 972, 735, 13633, 19924, 3450, 26000),
  (10, '태백시', 972, 735, 0, 0, 3450, 26000),
  (10, '속초시', 972, 735, 13633, 19924, 3450, 26000),
  (10, '삼척시', 972, 735, 13633, 19924, 3450, 41000),
  (10, '홍천군', 972, 735, 13633, 11069, 3450, 26000),
  (10, '횡성군', 972, 735, 0, 0, 3450, 26000),
  (10, '영월군', 972, 735, 13633, 11069, 0, 0),
  (10, '평창군', 972, 735, 8313, 19924, 3450, 26000),
  (10, '정선군', 972, 735, 0, 0, 0, 0),
  (10, '철원군', 972, 735, 13633, 19924, 3450, 26000),
  (10, '화천군', 972, 735, 0, 0, 0, 0),
  (10, '양구군', 972, 735, 8313, 11069, 3450, 26000),
  (10, '인제군', 972, 735, 8313, 11069, 3450, 26000),
  (10, '고성군', 972, 735, 13633, 11069, 3450, 26000),
  (10, '양양군', 972, 735, 0, 0, 0, 0),
  (11, '청주시', 1296, 980, 11876, 15813, 3350, 35000),
  (11, '충주시', 1296, 980, 11876, 11069, 3350, 35000),
  (11, '제천시', 1296, 980, 11876, 0, 3350, 26000),
  (11, '보은군', 1296, 980, 0, 0, 3350, 26000),
  (11, '옥천군', 1296, 980, 0, 0, 0, 0),
  (11, '증평군', 1296, 980, 11876, 15813, 3350, 26000),
  (11, '영동군', 1296, 980, 11876, 15813, 3350, 35000),
  (11, '진천군', 1296, 980, 0, 0, 3350, 26000),
  (11, '괴산군', 1296, 980, 0, 0, 3350, 26000),
  (11, '음성군', 1296, 980, 8313, 15813, 3350, 35000),
  (11, '단양군', 1296, 980, 8313, 11069, 0, 0),
  (12, '천안시', 1248, 953, 0, 21069, 3250, 26000),
  (12, '공주시', 1248, 953, 0, 0, 0, 0),
  (12, '보령시', 1248, 953, 0, 0, 3750, 46000),
  (12, '아산시', 1248, 953, 0, 0, 0, 0),
  (12, '서산시', 1248, 953, 0, 0, 3250, 46000),
  (12, '논산시', 1248, 953, 0, 0, 0, 0),
  (12, '계룡시', 1248, 953, 12000, 11069, 0, 0),
  (12, '당진시', 1248, 953, 16978, 0, 0, 0),
  (12, '금산군', 1248, 953, 0, 0, 0, 0),
  (12, '부여군', 1248, 953, 8313, 11069, 0, 0),
  (12, '서천군', 1248, 953, 16978, 21069, 0, 0),
  (12, '청양군', 1248, 953, 0, 0, 0, 0),
  (12, '홍성군', 1248, 953, 16978, 21069, 0, 0),
  (12, '예산군', 1248, 953, 12000, 11069, 3250, 46000),
  (12, '태안군', 1248, 953, 16978, 11069, 0, 0),
  (13, '전주시', 1351, 952, 8313, 11069, 3450, 38000),
  (13, '군산시', 1351, 952, 16626, 11069, 3450, 38000),
  (13, '익산시', 1351, 952, 16626, 11069, 3450, 38000),
  (13, '정읍시', 1351, 952, 0, 0, 3450, 26000),
  (13, '남원시', 1351, 952, 0, 0, 0, 0),
  (13, '김제시', 1351, 952, 0, 0, 3450, 38000),
  (13, '완주군', 1351, 952, 0, 0, 3450, 38000),
  (13, '진안군', 1351, 952, 16626, 11069, 0, 0),
  (13, '무주군', 1351, 952, 0, 0, 0, 0),
  (13, '장수군', 1351, 952, 0, 0, 0, 0),
  (13, '순창군', 1351, 952, 0, 0, 0, 0),
  (13, '고창군', 1351, 952, 16626, 22138, 3450, 26000),
  (13, '부안군', 1351, 952, 0, 0, 3450, 38000),
  (14, '목포시', 1101, 833, 0, 0, 3500, 26000),
  (14, '여수시', 1101, 833, 0, 0, 3500, 37000),
  (14, '순천시', 1101, 833, 0, 0, 3450, 37000),
  (14, '나주시', 1296, 980, 13413, 16169, 3550, 26000),
  (14, '광양시', 1101, 833, 0, 0, 3450, 37000),
  (14, '담양군', 1512, 1094, 0, 0, 0, 0),
  (14, '곡성군', 1296, 980, 0, 0, 0, 0),
  (14, '구례군', 1398, 1090, 0, 0, 0, 0),
  (14, '고흥군', 1620, 1143, 0, 0, 3450, 26000),
  (14, '보성군', 1620, 1225, 0, 0, 0, 0),
  (14, '화순군', 1296, 980, 0, 0, 0, 0),
  (14, '장흥군', 1512, 1094, 0, 0, 0, 0),
  (14, '강진군', 1512, 1094, 0, 0, 0, 0),
  (14, '해남군', 1446, 1130, 0, 0, 0, 0),
  (14, '영암군', 1252, 983, 0, 0, 0, 0),
  (14, '무안군', 1296, 980, 0, 0, 3500, 26000),
  (14, '함평군', 1404, 1061, 0, 0, 0, 0),
  (14, '영광군', 1425, 1078, 0, 0, 3500, 26000),
  (14, '장성군', 1296, 980, 0, 0, 3500, 26000),
  (14, '완도군', 1620, 1225, 0, 0, 0, 0),
  (14, '진도군', 1446, 1130, 0, 0, 0, 0),
  (14, '신안군', 1296, 980, 0, 0, 3500, 26000),
  (15, '포항시', 1315, 1043, 10843, 0, 3750, 41000),
  (15, '경주시', 1315, 1043, 10843, 13169, 0, 0),
  (15, '김천시', 1315, 1043, 9035, 11069, 3250, 30000),
  (15, '안동시', 1315, 1043, 10843, 13169, 3250, 26000),
  (15, '구미시', 1315, 1043, 10843, 13169, 3250, 35000),
  (15, '영주시', 1315, 1043, 10843, 13169, 0, 0),
  (15, '영천시', 1315, 1043, 0, 0, 3250, 26000),
  (15, '상주시', 1315, 1043, 10843, 0, 3250, 26000),
  (15, '문경시', 1315, 1043, 10843, 13169, 3250, 26000),
  (15, '경산시', 1315, 1043, 10843, 11069, 3250, 30000),
  (15, '의성군', 1315, 1043, 10843, 13169, 0, 0),
  (15, '청송군', 1315, 1043, 0, 0, 0, 0),
  (15, '영양군', 1315, 1043, 0, 0, 0, 0),
  (15, '영덕군', 1315, 1043, 10843, 13169, 0, 0),
  (15, '청도군', 1315, 1043, 10843, 13169, 0, 0),
  (15, '고령군', 1315, 1043, 10843, 13169, 0, 0),
  (15, '성주군', 1315, 1043, 10843, 13169, 0, 0),
  (15, '칠곡군', 1315, 1043, 0, 0, 3250, 30000),
  (15, '예천군', 1315, 1043, 0, 0, 0, 0),
  (15, '봉화군', 1315, 1043, 10843, 13169, 0, 0),
  (15, '울진군', 1315, 1043, 10843, 13169, 0, 0),
  (15, '울릉군', 1872, 1504, 0, 0, 0, 0),
  (16, '창원시', 843, 637, 10807, 14390, 3310, 37000),
  (16, '진주시', 843, 637, 0, 0, 3310, 35000),
  (16, '통영시', 1264, 956, 0, 0, 3310, 30000),
  (16, '사천시', 875, 662, 0, 0, 3310, 26000),
  (16, '김해시', 843, 637, 10807, 14390, 3310, 35000),
  (16, '밀양시', 908, 686, 0, 0, 3310, 26000),
  (16, '거제시', 875, 662, 11223, 0, 3310, 35000),
  (16, '양산시', 842, 637, 10807, 11069, 3310, 35000),
  (16, '의령군', 843, 637, 10807, 11069, 3310, 26000),
  (16, '함안군', 843, 637, 0, 0, 0, 0),
  (16, '창녕군', 1103, 833, 0, 0, 0, 0),
  (16, '고성군', 843, 637, 0, 0, 3500, 26000),
  (16, '남해군', 843, 637, 9006, 14390, 3500, 26000),
  (16, '하동군', 843, 637, 0, 0, 0, 0),
  (16, '산청군', 843, 637, 0, 0, 0, 0),
  (16, '함양군', 894, 676, 0, 0, 0, 0),
  (16, '거창군', 1013, 789, 0, 0, 0, 0),
  (16, '합천군', 1363, 1088, 0, 0, 0, 0),
  (17, '제주특별자치도', 1095, 859, 0, 17710, 0, 0);
